[
  {
    "id": 7812,
    "name": "Иностранное лобби",
    "alias": "Иностранное"
  },
  {
    "id": 7917,
    "name": "Не выявлено",
    "alias": ""
  },
  {
    "id": 7801,
    "name": "Общественно-политическое лобби",
    "alias": ""
  },
  {
    "id": 7806,
    "name": "гражданские инициативы",
    "alias": ""
  },
  {
    "id": 7808,
    "name": "автомобилисты",
    "alias": "Авто"
  },
  {
    "id": 7809,
    "name": "НКО",
    "alias": ""
  },
  {
    "id": 7807,
    "name": "ОНФ",
    "alias": ""
  },
  {
    "id": 7802,
    "name": "конфессиональное лобби",
    "alias": "Религия"
  },
  {
    "id": 7805,
    "name": "Буддизм",
    "alias": ""
  },
  {
    "id": 7804,
    "name": "Ислам",
    "alias": ""
  },
  {
    "id": 7803,
    "name": "РПЦ",
    "alias": ""
  },
  {
    "id": 7811,
    "name": "профсоюзное лобби",
    "alias": "Профсоюзы"
  },
  {
    "id": 7810,
    "name": "экологическое лобби",
    "alias": "Экология"
  },
  {
    "id": 7753,
    "name": "отраслевое лобби",
    "alias": ""
  },
  {
    "id": 7755,
    "name": "атомная промышленность",
    "alias": "Атомщики"
  },
  {
    "id": 7779,
    "name": "геология и разведка недр",
    "alias": "Геология"
  },
  {
    "id": 7794,
    "name": "государственное управление",
    "alias": "Госуправление"
  },
  {
    "id": 7798,
    "name": "адвокаты",
    "alias": ""
  },
  {
    "id": 7795,
    "name": "госзакупки",
    "alias": ""
  },
  {
    "id": 7796,
    "name": "муниципальное управление",
    "alias": "Мунуправление"
  },
  {
    "id": 7799,
    "name": "нотариусы",
    "alias": ""
  },
  {
    "id": 7800,
    "name": "оценщики",
    "alias": ""
  },
  {
    "id": 7797,
    "name": "суды",
    "alias": ""
  },
  {
    "id": 7762,
    "name": "деревообрабатывающая и целлюлозно-бумажная промышленность",
    "alias": "Дерево  и бумага"
  },
  {
    "id": 7780,
    "name": "жилищно-коммунальное хозяйство",
    "alias": "ЖКХ"
  },
  {
    "id": 7783,
    "name": "здравоохранение, спорт, туризм",
    "alias": "Здрав, спорт, туризм"
  },
  {
    "id": 7784,
    "name": "здравоохранение",
    "alias": ""
  },
  {
    "id": 7785,
    "name": "спорт",
    "alias": ""
  },
  {
    "id": 7786,
    "name": "туризм",
    "alias": ""
  },
  {
    "id": 7778,
    "name": "инвестиционная деятельность",
    "alias": "Инвестиции"
  },
  {
    "id": 7756,
    "name": "космическая отрасль",
    "alias": "Космос"
  },
  {
    "id": 7788,
    "name": "культура, искусство, индустрия развлечений",
    "alias": "Культура"
  },
  {
    "id": 7789,
    "name": "букмекеры",
    "alias": ""
  },
  {
    "id": 7765,
    "name": "легкая промышленность",
    "alias": ""
  },
  {
    "id": 7771,
    "name": "лесное, рыбное хозяйство",
    "alias": "Лесхоз"
  },
  {
    "id": 7761,
    "name": "машиностроение, автомобилестроение",
    "alias": "Машиностроение"
  },
  {
    "id": 7769,
    "name": "медицина и фармацевтика",
    "alias": "Медицина"
  },
  {
    "id": 7787,
    "name": "образование, наука и научное обслуживание",
    "alias": "Наука"
  },
  {
    "id": 7766,
    "name": "пищевая промышленность",
    "alias": "Пищепром"
  },
  {
    "id": 7767,
    "name": "алкогольное лобби",
    "alias": "Алкоголь"
  },
  {
    "id": 7768,
    "name": "табачное лобби",
    "alias": "Табак"
  },
  {
    "id": 7763,
    "name": "промышленность строительных материалов",
    "alias": "Стройматериалы"
  },
  {
    "id": 7776,
    "name": "ритейл",
    "alias": ""
  },
  {
    "id": 7770,
    "name": "сельское хозяйство",
    "alias": "Сельхоз"
  },
  {
    "id": 7764,
    "name": "стекольная и фарфоро-фаянсовая промышленность",
    "alias": "Стекло"
  },
  {
    "id": 7775,
    "name": "строительство, девелопмент",
    "alias": "Строительство"
  },
  {
    "id": 7781,
    "name": "сфера услуг",
    "alias": "Услуги"
  },
  {
    "id": 7782,
    "name": "реклама",
    "alias": ""
  },
  {
    "id": 7777,
    "name": "телекоммуникации, IT",
    "alias": "Медиа и IT"
  },
  {
    "id": 7757,
    "name": "топливная промышленность",
    "alias": "Топливо"
  },
  {
    "id": 7772,
    "name": "транспорт и связь",
    "alias": ""
  },
  {
    "id": 7774,
    "name": "СМИ",
    "alias": ""
  },
  {
    "id": 7773,
    "name": "транспорт",
    "alias": ""
  },
  {
    "id": 7790,
    "name": "финансы, банки, страхование, пенсионное обслуживание",
    "alias": "Финансы"
  },
  {
    "id": 7793,
    "name": "пенсионное обслуживание",
    "alias": "Пенсия"
  },
  {
    "id": 7792,
    "name": "страхование",
    "alias": ""
  },
  {
    "id": 7791,
    "name": "финансы, банки",
    "alias": ""
  },
  {
    "id": 7760,
    "name": "химическая и нефтехимическая промышленность",
    "alias": "Химия"
  },
  {
    "id": 7758,
    "name": "черная, цветная металлургия, металлообработка",
    "alias": "Металл"
  },
  {
    "id": 7759,
    "name": "оружейное лобби",
    "alias": "Оружие"
  },
  {
    "id": 7754,
    "name": "электроэнергетика",
    "alias": "Энергия"
  },
  {
    "id": 7667,
    "name": "Региональное лобби",
    "alias": ""
  },
  {
    "id": 7668,
    "name": "Алтайский край",
    "alias": "Алтай"
  },
  {
    "id": 7669,
    "name": "Амурская область",
    "alias": "Амур"
  },
  {
    "id": 7670,
    "name": "Архангельская область",
    "alias": "Архангельск"
  },
  {
    "id": 7671,
    "name": "Астраханская область",
    "alias": ""
  },
  {
    "id": 7672,
    "name": "Белгородская область",
    "alias": ""
  },
  {
    "id": 7673,
    "name": "Брянская область",
    "alias": ""
  },
  {
    "id": 7674,
    "name": "Владимирская область",
    "alias": ""
  },
  {
    "id": 7675,
    "name": "Волгоградская область",
    "alias": ""
  },
  {
    "id": 7676,
    "name": "Вологодская область",
    "alias": ""
  },
  {
    "id": 7677,
    "name": "Воронежская область",
    "alias": ""
  },
  {
    "id": 7679,
    "name": "Еврейская автономная область",
    "alias": ""
  },
  {
    "id": 7680,
    "name": "Забайкальский край",
    "alias": ""
  },
  {
    "id": 7681,
    "name": "Ивановская область",
    "alias": ""
  },
  {
    "id": 7682,
    "name": "Иркутская область",
    "alias": ""
  },
  {
    "id": 7683,
    "name": "Кабардино-Балкарская Республика",
    "alias": ""
  },
  {
    "id": 7684,
    "name": "Калининградская область",
    "alias": ""
  },
  {
    "id": 7685,
    "name": "Калужская область",
    "alias": ""
  },
  {
    "id": 7686,
    "name": "Камчатский край",
    "alias": ""
  },
  {
    "id": 7687,
    "name": "Карачаево-Черкесская Республика",
    "alias": ""
  },
  {
    "id": 7688,
    "name": "Кемеровская область",
    "alias": ""
  },
  {
    "id": 7689,
    "name": "Кировская область",
    "alias": ""
  },
  {
    "id": 7690,
    "name": "Костромская область",
    "alias": ""
  },
  {
    "id": 7691,
    "name": "Краснодарский край",
    "alias": ""
  },
  {
    "id": 7692,
    "name": "Красноярский край",
    "alias": ""
  },
  {
    "id": 7693,
    "name": "Курганская область",
    "alias": ""
  },
  {
    "id": 7694,
    "name": "Курская область",
    "alias": ""
  },
  {
    "id": 7695,
    "name": "Ленинградская область",
    "alias": ""
  },
  {
    "id": 7696,
    "name": "Липецкая область",
    "alias": ""
  },
  {
    "id": 7697,
    "name": "Магаданская область",
    "alias": ""
  },
  {
    "id": 7678,
    "name": "Москва",
    "alias": ""
  },
  {
    "id": 7698,
    "name": "Московская область",
    "alias": ""
  },
  {
    "id": 7699,
    "name": "Мурманская область",
    "alias": ""
  },
  {
    "id": 7700,
    "name": "Ненецкий автономный округ",
    "alias": ""
  },
  {
    "id": 7701,
    "name": "Нижегородская область",
    "alias": ""
  },
  {
    "id": 7702,
    "name": "Новгородская область",
    "alias": ""
  },
  {
    "id": 7703,
    "name": "Новосибирская область",
    "alias": ""
  },
  {
    "id": 7704,
    "name": "Омская область",
    "alias": ""
  },
  {
    "id": 7705,
    "name": "Оренбургская область",
    "alias": ""
  },
  {
    "id": 7706,
    "name": "Орловская область",
    "alias": ""
  },
  {
    "id": 7707,
    "name": "Пензенская область",
    "alias": ""
  },
  {
    "id": 7708,
    "name": "Пермский край",
    "alias": ""
  },
  {
    "id": 7709,
    "name": "Приморский край",
    "alias": ""
  },
  {
    "id": 7710,
    "name": "Псковская область",
    "alias": ""
  },
  {
    "id": 7711,
    "name": "Республика Адыгея",
    "alias": ""
  },
  {
    "id": 7712,
    "name": "Республика Алтай",
    "alias": ""
  },
  {
    "id": 7713,
    "name": "Республика Башкортостан",
    "alias": ""
  },
  {
    "id": 7714,
    "name": "Республика Бурятия",
    "alias": ""
  },
  {
    "id": 7715,
    "name": "Республика Дагестан",
    "alias": ""
  },
  {
    "id": 7716,
    "name": "Республика Ингушетия",
    "alias": ""
  },
  {
    "id": 7717,
    "name": "Республика Калмыкия",
    "alias": ""
  },
  {
    "id": 7718,
    "name": "Республика Карелия",
    "alias": ""
  },
  {
    "id": 7719,
    "name": "Республика Коми",
    "alias": ""
  },
  {
    "id": 7720,
    "name": "Республика Крым",
    "alias": ""
  },
  {
    "id": 7721,
    "name": "Республика Марий Эл",
    "alias": ""
  },
  {
    "id": 7722,
    "name": "Республика Мордовия",
    "alias": ""
  },
  {
    "id": 7723,
    "name": "Республика Саха (Якутия)",
    "alias": ""
  },
  {
    "id": 7724,
    "name": "Республика Северная Осетия - Алания",
    "alias": ""
  },
  {
    "id": 7725,
    "name": "Республика Татарстан",
    "alias": ""
  },
  {
    "id": 7726,
    "name": "Республика Тыва",
    "alias": ""
  },
  {
    "id": 7727,
    "name": "Республика Хакасия",
    "alias": ""
  },
  {
    "id": 7728,
    "name": "Ростовская область",
    "alias": ""
  },
  {
    "id": 7729,
    "name": "Рязанская область",
    "alias": ""
  },
  {
    "id": 7730,
    "name": "Самарская область",
    "alias": ""
  },
  {
    "id": 7731,
    "name": "Санкт-Петербург",
    "alias": ""
  },
  {
    "id": 7732,
    "name": "Саратовская область",
    "alias": ""
  },
  {
    "id": 7733,
    "name": "Сахалинская область",
    "alias": ""
  },
  {
    "id": 7734,
    "name": "Свердловская область",
    "alias": ""
  },
  {
    "id": 7735,
    "name": "Севастополь",
    "alias": ""
  },
  {
    "id": 7736,
    "name": "Смоленская область",
    "alias": ""
  },
  {
    "id": 7737,
    "name": "Ставропольский край",
    "alias": ""
  },
  {
    "id": 7738,
    "name": "Тамбовская область",
    "alias": ""
  },
  {
    "id": 7739,
    "name": "Тверская область",
    "alias": ""
  },
  {
    "id": 7740,
    "name": "Томская область",
    "alias": ""
  },
  {
    "id": 7741,
    "name": "Тульская область",
    "alias": ""
  },
  {
    "id": 7742,
    "name": "Тюменская область",
    "alias": ""
  },
  {
    "id": 7743,
    "name": "Удмуртская Республика",
    "alias": ""
  },
  {
    "id": 7744,
    "name": "Ульяновская область",
    "alias": ""
  },
  {
    "id": 7745,
    "name": "Хабаровский край",
    "alias": ""
  },
  {
    "id": 7746,
    "name": "Ханты-Мансийский автономный округ - Югра",
    "alias": ""
  },
  {
    "id": 7747,
    "name": "Челябинская область",
    "alias": ""
  },
  {
    "id": 7748,
    "name": "Чеченская Республика",
    "alias": ""
  },
  {
    "id": 7749,
    "name": "Чувашская Республика - Чувашия",
    "alias": "Чувашия"
  },
  {
    "id": 7750,
    "name": "Чукотский автономный округ",
    "alias": "Чукотка"
  },
  {
    "id": 7751,
    "name": "Ямало-Ненецкий автономный округ",
    "alias": "ЯНАО"
  },
  {
    "id": 7752,
    "name": "Ярославская область",
    "alias": "Ярославль"
  },
  {
    "id": 7624,
    "name": "Федеральное лобби",
    "alias": "Федеральный уровень"
  },
  {
    "id": 7636,
    "name": "ведомственное лобби",
    "alias": "Ведомства"
  },
  {
    "id": 7663,
    "name": "Банк России",
    "alias": ""
  },
  {
    "id": 7658,
    "name": "ГУСП",
    "alias": ""
  },
  {
    "id": 7637,
    "name": "МИД России",
    "alias": "МИД"
  },
  {
    "id": 7644,
    "name": "Минвостокрозвития России",
    "alias": "Минвостокразвития"
  },
  {
    "id": 7639,
    "name": "Минздрав России",
    "alias": "Минздрав"
  },
  {
    "id": 7646,
    "name": "Минкавказ России",
    "alias": "Минкавказ"
  },
  {
    "id": 7645,
    "name": "Минкомсвязь России",
    "alias": "Минкомсвязь"
  },
  {
    "id": 7640,
    "name": "Минкультуры России",
    "alias": "Минкультуры"
  },
  {
    "id": 7641,
    "name": "Минобрнауки России",
    "alias": "Минобрнауки"
  },
  {
    "id": 7642,
    "name": "Минприроды России",
    "alias": "Минприроды"
  },
  {
    "id": 7643,
    "name": "Минпромторг России",
    "alias": "Минпромторг"
  },
  {
    "id": 7648,
    "name": "Минсельхоз России",
    "alias": "Минсельхоз"
  },
  {
    "id": 7649,
    "name": "Минспорт России",
    "alias": "Минспорт"
  },
  {
    "id": 7650,
    "name": "Минстрой России",
    "alias": "Минстрой"
  },
  {
    "id": 7651,
    "name": "Минтранс России",
    "alias": "Минтранс"
  },
  {
    "id": 7652,
    "name": "Минтруда России",
    "alias": "Минтруда"
  },
  {
    "id": 7653,
    "name": "Минфин России",
    "alias": "Минфин"
  },
  {
    "id": 7654,
    "name": "Минэкономразвития России",
    "alias": "Минэкономразвития"
  },
  {
    "id": 7655,
    "name": "Минэнерго России",
    "alias": "Минэнерго"
  },
  {
    "id": 7638,
    "name": "Минюст России",
    "alias": "Минюст"
  },
  {
    "id": 7657,
    "name": "Росархив",
    "alias": ""
  },
  {
    "id": 7647,
    "name": "Роскомнадзор",
    "alias": ""
  },
  {
    "id": 7660,
    "name": "Роспотребнадзор",
    "alias": ""
  },
  {
    "id": 7662,
    "name": "Росрезерв",
    "alias": ""
  },
  {
    "id": 7661,
    "name": "Ростехнадзор",
    "alias": ""
  },
  {
    "id": 7656,
    "name": "Росфинмониторинг",
    "alias": ""
  },
  {
    "id": 7666,
    "name": "Счетная палата",
    "alias": ""
  },
  {
    "id": 7659,
    "name": "ФАС России",
    "alias": "ФАС"
  },
  {
    "id": 7664,
    "name": "Федеральная налоговая служба",
    "alias": "Налоги"
  },
  {
    "id": 7665,
    "name": "ФССП России",
    "alias": "ФССП"
  },
  {
    "id": 7625,
    "name": "силовое лобби",
    "alias": "Силовики"
  },
  {
    "id": 7630,
    "name": "МВД",
    "alias": ""
  },
  {
    "id": 7635,
    "name": "Минобороны",
    "alias": ""
  },
  {
    "id": 7633,
    "name": "МЧС России",
    "alias": "МЧС"
  },
  {
    "id": 7632,
    "name": "Прокуратура",
    "alias": ""
  },
  {
    "id": 7628,
    "name": "Росгвардия",
    "alias": ""
  },
  {
    "id": 7629,
    "name": "СВР",
    "alias": ""
  },
  {
    "id": 7631,
    "name": "СК",
    "alias": ""
  },
  {
    "id": 7626,
    "name": "ФСБ",
    "alias": ""
  },
  {
    "id": 7634,
    "name": "ФСИН",
    "alias": ""
  },
  {
    "id": 7627,
    "name": "ФСО",
    "alias": ""
  },
  {
    "id": 7813,
    "name": "Финансово-промышленные группы",
    "alias": "ФПГ"
  },
  {
    "id": 7880,
    "name": "En+",
    "alias": ""
  },
  {
    "id": 7822,
    "name": "Fort Group",
    "alias": ""
  },
  {
    "id": 7848,
    "name": "SVP Group",
    "alias": ""
  },
  {
    "id": 7825,
    "name": "АБИ Групп",
    "alias": ""
  },
  {
    "id": 7879,
    "name": "Агрохолдинг “Кубань”",
    "alias": "Кубань"
  },
  {
    "id": 7861,
    "name": "АК Алроса",
    "alias": "Алроса"
  },
  {
    "id": 7869,
    "name": "Алкогольная сибирская группа",
    "alias": ""
  },
  {
    "id": 7818,
    "name": "Альфа-групп",
    "alias": ""
  },
  {
    "id": 7839,
    "name": "АО «НПК «Уралвагонзавод»",
    "alias": "Уралвагонзавод"
  },
  {
    "id": 7881,
    "name": "АО Молвест",
    "alias": "Молвест"
  },
  {
    "id": 7840,
    "name": "АО ЧЭМК",
    "alias": "ЧЭМК"
  },
  {
    "id": 7884,
    "name": "АО “Агрокомплекс”",
    "alias": "Агрокомплекс"
  },
  {
    "id": 7910,
    "name": "АО “ОРКК”",
    "alias": "ОРКК"
  },
  {
    "id": 7819,
    "name": "Базовый элемент",
    "alias": ""
  },
  {
    "id": 7916,
    "name": "Банк Югра",
    "alias": "Югра"
  },
  {
    "id": 7855,
    "name": "Газпром бурение - братья Ротенберги",
    "alias": "Газпром бурение"
  },
  {
    "id": 7907,
    "name": "ГК Адамант",
    "alias": "Адамант"
  },
  {
    "id": 7826,
    "name": "ГК Алвисагрупп",
    "alias": "Алвисагрупп"
  },
  {
    "id": 7833,
    "name": "ГК АСПЭК",
    "alias": "АСПЭК"
  },
  {
    "id": 7909,
    "name": "ГК Донстрой",
    "alias": "Донстрой"
  },
  {
    "id": 7895,
    "name": "ГК Здоровая ферма",
    "alias": "Здоровая ферма"
  },
  {
    "id": 7896,
    "name": "ГК Компаньон",
    "alias": "Компаньон"
  },
  {
    "id": 7899,
    "name": "ГК КСМ",
    "alias": "КСМ"
  },
  {
    "id": 7885,
    "name": "ГК Продимекс",
    "alias": "Продимекс"
  },
  {
    "id": 7831,
    "name": "ГК Регионы",
    "alias": "Регионы"
  },
  {
    "id": 7883,
    "name": "ГК Росатом",
    "alias": "Росатом"
  },
  {
    "id": 7821,
    "name": "ГК Роснано",
    "alias": "Роснано"
  },
  {
    "id": 7832,
    "name": "ГК Ростех",
    "alias": "Ростех"
  },
  {
    "id": 7828,
    "name": "ГК Славич",
    "alias": "Славич"
  },
  {
    "id": 7850,
    "name": "ГК СМП-Нефтегаз",
    "alias": "СМП-Нефтегаз"
  },
  {
    "id": 7817,
    "name": "ГК Сумма",
    "alias": "Сумма"
  },
  {
    "id": 7853,
    "name": "ГК ТАИФ",
    "alias": "ТАИФ"
  },
  {
    "id": 7891,
    "name": "ГК Труд",
    "alias": "Труд"
  },
  {
    "id": 7894,
    "name": "ГК Увелка",
    "alias": "Увелка"
  },
  {
    "id": 7816,
    "name": "ГК Эвалар",
    "alias": "Эвалар"
  },
  {
    "id": 7827,
    "name": "ГК Эликор",
    "alias": "Эликор"
  },
  {
    "id": 7903,
    "name": "ГК Юг Руси",
    "alias": "Юг Руси"
  },
  {
    "id": 7830,
    "name": "ГК “АЛМАЗ”",
    "alias": "АЛМАЗ"
  },
  {
    "id": 7852,
    "name": "ГК “Камаз”",
    "alias": "Камаз"
  },
  {
    "id": 7849,
    "name": "ГК “Нэфис”",
    "alias": "Нэфис"
  },
  {
    "id": 7843,
    "name": "ГК “Русская медная компания”",
    "alias": "Русская медная компания"
  },
  {
    "id": 7860,
    "name": "Глобалстрой инжиниринг",
    "alias": ""
  },
  {
    "id": 7864,
    "name": "ДОССАФ",
    "alias": ""
  },
  {
    "id": 7888,
    "name": "Евраз Групп",
    "alias": ""
  },
  {
    "id": 7897,
    "name": "Завод Медсинтез",
    "alias": "Медсинтез"
  },
  {
    "id": 7867,
    "name": "ЗАО Национальная медиа группа",
    "alias": "Национальная медиа группа"
  },
  {
    "id": 7912,
    "name": "ЗАО УК Русский уголь",
    "alias": "Русский уголь"
  },
  {
    "id": 7878,
    "name": "ЗАО “Завод электротехнического оборудования”",
    "alias": "Завод электротехнического оборудования"
  },
  {
    "id": 7873,
    "name": "Корпорация Единый Электроэнергетический Комплекс",
    "alias": "Единый электроэнергетический комплекс"
  },
  {
    "id": 7814,
    "name": "Лукойл",
    "alias": ""
  },
  {
    "id": 7872,
    "name": "Московская конфедерация промышленников и предпринимателей",
    "alias": ""
  },
  {
    "id": 7892,
    "name": "МЭТТЭМ",
    "alias": ""
  },
  {
    "id": 7875,
    "name": "НОПРИЗ",
    "alias": ""
  },
  {
    "id": 7837,
    "name": "Норникель",
    "alias": ""
  },
  {
    "id": 7863,
    "name": "ООО Арт-Реставрация",
    "alias": "Арт-Реставрация"
  },
  {
    "id": 7893,
    "name": "ООО ИПК “Константа Капитал”",
    "alias": "Константа Капитал"
  },
  {
    "id": 7871,
    "name": "ООО ОХК “Щекиноазот”",
    "alias": "Щекиноазот"
  },
  {
    "id": 7901,
    "name": "ООО Фирма “Калория”",
    "alias": "Калория"
  },
  {
    "id": 7844,
    "name": "ООО “УСМК”",
    "alias": "УСМК"
  },
  {
    "id": 7841,
    "name": "ПАО \"ММК",
    "alias": "ММК"
  },
  {
    "id": 7887,
    "name": "ПАО \"МРСК Северо-Запада",
    "alias": "МРСК Северо-Запада"
  },
  {
    "id": 7862,
    "name": "ПАО Автоваз",
    "alias": "Автоваз"
  },
  {
    "id": 7815,
    "name": "ПАО Газпром",
    "alias": "Газпром"
  },
  {
    "id": 7859,
    "name": "ПАО Кировский завод",
    "alias": "Кировский завод"
  },
  {
    "id": 7857,
    "name": "ПАО Объединенная авиастроительная корпорация",
    "alias": "Объединенная авиастроительная корпорация"
  },
  {
    "id": 7834,
    "name": "ПАО РЖД",
    "alias": "РЖД"
  },
  {
    "id": 7886,
    "name": "ПАО Ростелеком",
    "alias": "Ростелеком"
  },
  {
    "id": 7868,
    "name": "ПАО Северсталь",
    "alias": "Северсталь"
  },
  {
    "id": 7845,
    "name": "ПАО ЧКПЗ",
    "alias": "ЧКПЗ"
  },
  {
    "id": 7904,
    "name": "ПАО “Мурманский Траловый Флот”",
    "alias": "Мурманский траловый флот"
  },
  {
    "id": 7847,
    "name": "ПАО “Новатэк”",
    "alias": "Новатэк"
  },
  {
    "id": 7906,
    "name": "ПАО “Тулачермет”",
    "alias": "Тулачермет"
  },
  {
    "id": 7824,
    "name": "ПГ “Аникеев бизнес инвест”",
    "alias": "Аникеев бизнес инвест"
  },
  {
    "id": 7913,
    "name": "Полипласт Новомосковск",
    "alias": ""
  },
  {
    "id": 7858,
    "name": "Росавтодор",
    "alias": ""
  },
  {
    "id": 7856,
    "name": "Роснефть",
    "alias": ""
  },
  {
    "id": 7865,
    "name": "Ростсельмаш, Константин Бабкин",
    "alias": "Ростсельмаш"
  },
  {
    "id": 7836,
    "name": "Русал",
    "alias": ""
  },
  {
    "id": 7866,
    "name": "Русская рыбопромышленная компания",
    "alias": ""
  },
  {
    "id": 7877,
    "name": "Русский холод",
    "alias": ""
  },
  {
    "id": 7838,
    "name": "Сибагрохолдинг",
    "alias": ""
  },
  {
    "id": 7900,
    "name": "СЛАВМО",
    "alias": ""
  },
  {
    "id": 7846,
    "name": "Сургутнефтегаз",
    "alias": ""
  },
  {
    "id": 7874,
    "name": "Сусуманский ГОК “Сусуманзолото”",
    "alias": "Сусуманзолото"
  },
  {
    "id": 7851,
    "name": "Татнефть",
    "alias": ""
  },
  {
    "id": 7908,
    "name": "УГМК",
    "alias": ""
  },
  {
    "id": 7898,
    "name": "Урало-Сибирская горно-металлургическая компания",
    "alias": ""
  },
  {
    "id": 7882,
    "name": "Уралтрубпром",
    "alias": ""
  },
  {
    "id": 7905,
    "name": "Уралхим",
    "alias": ""
  },
  {
    "id": 7870,
    "name": "ХК Металлург",
    "alias": ""
  },
  {
    "id": 7835,
    "name": "ХК Сибирский деловой союз",
    "alias": ""
  },
  {
    "id": 7890,
    "name": "Холдинг \"Макфа",
    "alias": "Макфа"
  },
  {
    "id": 7829,
    "name": "Холдинг \"Металлинвест",
    "alias": "Металлинвест"
  },
  {
    "id": 7854,
    "name": "Холдинг \"Шик",
    "alias": "Шик"
  },
  {
    "id": 7911,
    "name": "холдинг Rubex Group",
    "alias": "Rubex Group"
  },
  {
    "id": 7915,
    "name": "Холдинг Агросила",
    "alias": "Агросила"
  },
  {
    "id": 7876,
    "name": "Холдинг Адучи",
    "alias": "Адучи"
  },
  {
    "id": 7842,
    "name": "Холдинг Металлоинвест",
    "alias": "Металлоинвест"
  },
  {
    "id": 7820,
    "name": "Холдинг Рота",
    "alias": "Рота"
  },
  {
    "id": 7823,
    "name": "Холдинг Синдика",
    "alias": "Синдика"
  },
  {
    "id": 7889,
    "name": "Холдинг ЦДС",
    "alias": "ЦДС"
  },
  {
    "id": 7902,
    "name": "Холдинг “Красный Восток Агро”",
    "alias": "Красный Восток Агро"
  },
  {
    "id": 7914,
    "name": "Холдинг “Лидер групп”",
    "alias": "Лидер групп"
  }
]