[
  {
    "id": 11550,
    "level": 0,
    "lft": 1,
    "name": "Федеральное лобби",
    "office": null,
    "order": 1,
    "parent": null,
    "region": null,
    "rght": 86,
    "tree_id": 6
  },
  {
    "id": 11551,
    "level": 1,
    "lft": 64,
    "name": "силовое лобби",
    "office": null,
    "order": 1,
    "parent": 11550,
    "region": null,
    "rght": 85,
    "tree_id": 6
  },
  {
    "id": 11552,
    "level": 2,
    "lft": 79,
    "name": "ФСБ",
    "office": null,
    "order": 1,
    "parent": 11551,
    "region": null,
    "rght": 80,
    "tree_id": 6
  },
  {
    "id": 11553,
    "level": 2,
    "lft": 83,
    "name": "ФСО",
    "office": null,
    "order": 2,
    "parent": 11551,
    "region": null,
    "rght": 84,
    "tree_id": 6
  },
  {
    "id": 11554,
    "level": 2,
    "lft": 73,
    "name": "Росгвардия",
    "office": null,
    "order": 3,
    "parent": 11551,
    "region": null,
    "rght": 74,
    "tree_id": 6
  },
  {
    "id": 11555,
    "level": 2,
    "lft": 75,
    "name": "СВР",
    "office": null,
    "order": 4,
    "parent": 11551,
    "region": null,
    "rght": 76,
    "tree_id": 6
  },
  {
    "id": 11556,
    "level": 2,
    "lft": 65,
    "name": "МВД",
    "office": null,
    "order": 5,
    "parent": 11551,
    "region": null,
    "rght": 66,
    "tree_id": 6
  },
  {
    "id": 11557,
    "level": 2,
    "lft": 77,
    "name": "СК",
    "office": null,
    "order": 6,
    "parent": 11551,
    "region": null,
    "rght": 78,
    "tree_id": 6
  },
  {
    "id": 11558,
    "level": 2,
    "lft": 71,
    "name": "Прокуратура",
    "office": null,
    "order": 7,
    "parent": 11551,
    "region": null,
    "rght": 72,
    "tree_id": 6
  },
  {
    "id": 11559,
    "level": 2,
    "lft": 69,
    "name": "МЧС России",
    "office": null,
    "order": 8,
    "parent": 11551,
    "region": null,
    "rght": 70,
    "tree_id": 6
  },
  {
    "id": 11560,
    "level": 2,
    "lft": 81,
    "name": "ФСИН",
    "office": null,
    "order": 9,
    "parent": 11551,
    "region": null,
    "rght": 82,
    "tree_id": 6
  },
  {
    "id": 11561,
    "level": 2,
    "lft": 67,
    "name": "Минобороны",
    "office": null,
    "order": 10,
    "parent": 11551,
    "region": null,
    "rght": 68,
    "tree_id": 6
  },
  {
    "id": 11562,
    "level": 1,
    "lft": 2,
    "name": "ведомственное лобби",
    "office": null,
    "order": 11,
    "parent": 11550,
    "region": null,
    "rght": 63,
    "tree_id": 6
  },
  {
    "id": 11563,
    "level": 2,
    "lft": 7,
    "name": "МИД России",
    "office": null,
    "order": 11,
    "parent": 11562,
    "region": null,
    "rght": 8,
    "tree_id": 6
  },
  {
    "id": 11564,
    "level": 2,
    "lft": 41,
    "name": "Минюст России",
    "office": null,
    "order": 12,
    "parent": 11562,
    "region": null,
    "rght": 42,
    "tree_id": 6
  },
  {
    "id": 11565,
    "level": 2,
    "lft": 11,
    "name": "Минздрав России",
    "office": null,
    "order": 13,
    "parent": 11562,
    "region": null,
    "rght": 12,
    "tree_id": 6
  },
  {
    "id": 11566,
    "level": 2,
    "lft": 17,
    "name": "Минкультуры России",
    "office": null,
    "order": 14,
    "parent": 11562,
    "region": null,
    "rght": 18,
    "tree_id": 6
  },
  {
    "id": 11567,
    "level": 2,
    "lft": 19,
    "name": "Минобрнауки России",
    "office": null,
    "order": 15,
    "parent": 11562,
    "region": null,
    "rght": 20,
    "tree_id": 6
  },
  {
    "id": 11568,
    "level": 2,
    "lft": 21,
    "name": "Минприроды России",
    "office": null,
    "order": 16,
    "parent": 11562,
    "region": null,
    "rght": 22,
    "tree_id": 6
  },
  {
    "id": 11569,
    "level": 2,
    "lft": 23,
    "name": "Минпромторг России",
    "office": null,
    "order": 17,
    "parent": 11562,
    "region": null,
    "rght": 24,
    "tree_id": 6
  },
  {
    "id": 11570,
    "level": 2,
    "lft": 9,
    "name": "Минвостокрозвития России",
    "office": null,
    "order": 18,
    "parent": 11562,
    "region": null,
    "rght": 10,
    "tree_id": 6
  },
  {
    "id": 11571,
    "level": 2,
    "lft": 15,
    "name": "Минкомсвязь России",
    "office": null,
    "order": 19,
    "parent": 11562,
    "region": null,
    "rght": 16,
    "tree_id": 6
  },
  {
    "id": 11572,
    "level": 2,
    "lft": 13,
    "name": "Минкавказ России",
    "office": null,
    "order": 20,
    "parent": 11562,
    "region": null,
    "rght": 14,
    "tree_id": 6
  },
  {
    "id": 11573,
    "level": 2,
    "lft": 45,
    "name": "Роскомнадзор",
    "office": null,
    "order": 21,
    "parent": 11562,
    "region": null,
    "rght": 46,
    "tree_id": 6
  },
  {
    "id": 11574,
    "level": 2,
    "lft": 25,
    "name": "Минсельхоз России",
    "office": null,
    "order": 22,
    "parent": 11562,
    "region": null,
    "rght": 26,
    "tree_id": 6
  },
  {
    "id": 11575,
    "level": 2,
    "lft": 27,
    "name": "Минспорт России",
    "office": null,
    "order": 23,
    "parent": 11562,
    "region": null,
    "rght": 28,
    "tree_id": 6
  },
  {
    "id": 11576,
    "level": 2,
    "lft": 29,
    "name": "Минстрой России",
    "office": null,
    "order": 24,
    "parent": 11562,
    "region": null,
    "rght": 30,
    "tree_id": 6
  },
  {
    "id": 11577,
    "level": 2,
    "lft": 31,
    "name": "Минтранс России",
    "office": null,
    "order": 25,
    "parent": 11562,
    "region": null,
    "rght": 32,
    "tree_id": 6
  },
  {
    "id": 11578,
    "level": 2,
    "lft": 33,
    "name": "Минтруда России",
    "office": null,
    "order": 26,
    "parent": 11562,
    "region": null,
    "rght": 34,
    "tree_id": 6
  },
  {
    "id": 11579,
    "level": 2,
    "lft": 35,
    "name": "Минфин России",
    "office": null,
    "order": 27,
    "parent": 11562,
    "region": null,
    "rght": 36,
    "tree_id": 6
  },
  {
    "id": 11580,
    "level": 2,
    "lft": 37,
    "name": "Минэкономразвития России",
    "office": null,
    "order": 28,
    "parent": 11562,
    "region": null,
    "rght": 38,
    "tree_id": 6
  },
  {
    "id": 11581,
    "level": 2,
    "lft": 39,
    "name": "Минэнерго России",
    "office": null,
    "order": 29,
    "parent": 11562,
    "region": null,
    "rght": 40,
    "tree_id": 6
  },
  {
    "id": 11582,
    "level": 2,
    "lft": 53,
    "name": "Росфинмониторинг",
    "office": null,
    "order": 30,
    "parent": 11562,
    "region": null,
    "rght": 54,
    "tree_id": 6
  },
  {
    "id": 11583,
    "level": 2,
    "lft": 43,
    "name": "Росархив",
    "office": null,
    "order": 31,
    "parent": 11562,
    "region": null,
    "rght": 44,
    "tree_id": 6
  },
  {
    "id": 11584,
    "level": 2,
    "lft": 5,
    "name": "ГУСП",
    "office": null,
    "order": 32,
    "parent": 11562,
    "region": null,
    "rght": 6,
    "tree_id": 6
  },
  {
    "id": 11585,
    "level": 2,
    "lft": 57,
    "name": "ФАС России",
    "office": null,
    "order": 33,
    "parent": 11562,
    "region": null,
    "rght": 58,
    "tree_id": 6
  },
  {
    "id": 11586,
    "level": 2,
    "lft": 47,
    "name": "Роспотребнадзор",
    "office": null,
    "order": 34,
    "parent": 11562,
    "region": null,
    "rght": 48,
    "tree_id": 6
  },
  {
    "id": 11587,
    "level": 2,
    "lft": 51,
    "name": "Ростехнадзор",
    "office": null,
    "order": 35,
    "parent": 11562,
    "region": null,
    "rght": 52,
    "tree_id": 6
  },
  {
    "id": 11588,
    "level": 2,
    "lft": 49,
    "name": "Росрезерв",
    "office": null,
    "order": 36,
    "parent": 11562,
    "region": null,
    "rght": 50,
    "tree_id": 6
  },
  {
    "id": 11589,
    "level": 2,
    "lft": 3,
    "name": "Банк России",
    "office": null,
    "order": 37,
    "parent": 11562,
    "region": null,
    "rght": 4,
    "tree_id": 6
  },
  {
    "id": 11590,
    "level": 2,
    "lft": 59,
    "name": "Федеральная налоговая служба",
    "office": null,
    "order": 38,
    "parent": 11562,
    "region": null,
    "rght": 60,
    "tree_id": 6
  },
  {
    "id": 11591,
    "level": 2,
    "lft": 61,
    "name": "ФССП России",
    "office": null,
    "order": 39,
    "parent": 11562,
    "region": null,
    "rght": 62,
    "tree_id": 6
  },
  {
    "id": 11592,
    "level": 2,
    "lft": 55,
    "name": "Счетная палата",
    "office": null,
    "order": 40,
    "parent": 11562,
    "region": null,
    "rght": 56,
    "tree_id": 6
  },
  {
    "id": 11593,
    "level": 0,
    "lft": 1,
    "name": "Региональное лобби",
    "office": null,
    "order": 41,
    "parent": null,
    "region": null,
    "rght": 172,
    "tree_id": 5
  },
  {
    "id": 11594,
    "level": 1,
    "lft": 2,
    "name": "Алтайский край",
    "office": null,
    "order": 41,
    "parent": 11593,
    "region": null,
    "rght": 3,
    "tree_id": 5
  },
  {
    "id": 11595,
    "level": 1,
    "lft": 4,
    "name": "Амурская область",
    "office": null,
    "order": 42,
    "parent": 11593,
    "region": null,
    "rght": 5,
    "tree_id": 5
  },
  {
    "id": 11596,
    "level": 1,
    "lft": 6,
    "name": "Архангельская область",
    "office": null,
    "order": 43,
    "parent": 11593,
    "region": null,
    "rght": 7,
    "tree_id": 5
  },
  {
    "id": 11597,
    "level": 1,
    "lft": 8,
    "name": "Астраханская область",
    "office": null,
    "order": 44,
    "parent": 11593,
    "region": null,
    "rght": 9,
    "tree_id": 5
  },
  {
    "id": 11598,
    "level": 1,
    "lft": 10,
    "name": "Белгородская область",
    "office": null,
    "order": 45,
    "parent": 11593,
    "region": null,
    "rght": 11,
    "tree_id": 5
  },
  {
    "id": 11599,
    "level": 1,
    "lft": 12,
    "name": "Брянская область",
    "office": null,
    "order": 46,
    "parent": 11593,
    "region": null,
    "rght": 13,
    "tree_id": 5
  },
  {
    "id": 11600,
    "level": 1,
    "lft": 14,
    "name": "Владимирская область",
    "office": null,
    "order": 47,
    "parent": 11593,
    "region": null,
    "rght": 15,
    "tree_id": 5
  },
  {
    "id": 11601,
    "level": 1,
    "lft": 16,
    "name": "Волгоградская область",
    "office": null,
    "order": 48,
    "parent": 11593,
    "region": null,
    "rght": 17,
    "tree_id": 5
  },
  {
    "id": 11602,
    "level": 1,
    "lft": 18,
    "name": "Вологодская область",
    "office": null,
    "order": 49,
    "parent": 11593,
    "region": null,
    "rght": 19,
    "tree_id": 5
  },
  {
    "id": 11603,
    "level": 1,
    "lft": 20,
    "name": "Воронежская область",
    "office": null,
    "order": 50,
    "parent": 11593,
    "region": null,
    "rght": 21,
    "tree_id": 5
  },
  {
    "id": 11604,
    "level": 1,
    "lft": 60,
    "name": "Москва",
    "office": null,
    "order": 51,
    "parent": 11593,
    "region": null,
    "rght": 61,
    "tree_id": 5
  },
  {
    "id": 11605,
    "level": 1,
    "lft": 22,
    "name": "Еврейская автономная область",
    "office": null,
    "order": 52,
    "parent": 11593,
    "region": null,
    "rght": 23,
    "tree_id": 5
  },
  {
    "id": 11606,
    "level": 1,
    "lft": 24,
    "name": "Забайкальский край",
    "office": null,
    "order": 53,
    "parent": 11593,
    "region": null,
    "rght": 25,
    "tree_id": 5
  },
  {
    "id": 11607,
    "level": 1,
    "lft": 26,
    "name": "Ивановская область",
    "office": null,
    "order": 54,
    "parent": 11593,
    "region": null,
    "rght": 27,
    "tree_id": 5
  },
  {
    "id": 11608,
    "level": 1,
    "lft": 28,
    "name": "Иркутская область",
    "office": null,
    "order": 55,
    "parent": 11593,
    "region": null,
    "rght": 29,
    "tree_id": 5
  },
  {
    "id": 11609,
    "level": 1,
    "lft": 30,
    "name": "Кабардино-Балкарская Республика",
    "office": null,
    "order": 56,
    "parent": 11593,
    "region": null,
    "rght": 31,
    "tree_id": 5
  },
  {
    "id": 11610,
    "level": 1,
    "lft": 32,
    "name": "Калининградская область",
    "office": null,
    "order": 57,
    "parent": 11593,
    "region": null,
    "rght": 33,
    "tree_id": 5
  },
  {
    "id": 11611,
    "level": 1,
    "lft": 34,
    "name": "Калужская область",
    "office": null,
    "order": 58,
    "parent": 11593,
    "region": null,
    "rght": 35,
    "tree_id": 5
  },
  {
    "id": 11612,
    "level": 1,
    "lft": 36,
    "name": "Камчатский край",
    "office": null,
    "order": 59,
    "parent": 11593,
    "region": null,
    "rght": 37,
    "tree_id": 5
  },
  {
    "id": 11613,
    "level": 1,
    "lft": 38,
    "name": "Карачаево-Черкесская Республика",
    "office": null,
    "order": 60,
    "parent": 11593,
    "region": null,
    "rght": 39,
    "tree_id": 5
  },
  {
    "id": 11614,
    "level": 1,
    "lft": 40,
    "name": "Кемеровская область",
    "office": null,
    "order": 61,
    "parent": 11593,
    "region": null,
    "rght": 41,
    "tree_id": 5
  },
  {
    "id": 11615,
    "level": 1,
    "lft": 42,
    "name": "Кировская область",
    "office": null,
    "order": 62,
    "parent": 11593,
    "region": null,
    "rght": 43,
    "tree_id": 5
  },
  {
    "id": 11616,
    "level": 1,
    "lft": 44,
    "name": "Костромская область",
    "office": null,
    "order": 63,
    "parent": 11593,
    "region": null,
    "rght": 45,
    "tree_id": 5
  },
  {
    "id": 11617,
    "level": 1,
    "lft": 46,
    "name": "Краснодарский край",
    "office": null,
    "order": 64,
    "parent": 11593,
    "region": null,
    "rght": 47,
    "tree_id": 5
  },
  {
    "id": 11618,
    "level": 1,
    "lft": 48,
    "name": "Красноярский край",
    "office": null,
    "order": 65,
    "parent": 11593,
    "region": null,
    "rght": 49,
    "tree_id": 5
  },
  {
    "id": 11619,
    "level": 1,
    "lft": 50,
    "name": "Курганская область",
    "office": null,
    "order": 66,
    "parent": 11593,
    "region": null,
    "rght": 51,
    "tree_id": 5
  },
  {
    "id": 11620,
    "level": 1,
    "lft": 52,
    "name": "Курская область",
    "office": null,
    "order": 67,
    "parent": 11593,
    "region": null,
    "rght": 53,
    "tree_id": 5
  },
  {
    "id": 11621,
    "level": 1,
    "lft": 54,
    "name": "Ленинградская область",
    "office": null,
    "order": 68,
    "parent": 11593,
    "region": null,
    "rght": 55,
    "tree_id": 5
  },
  {
    "id": 11622,
    "level": 1,
    "lft": 56,
    "name": "Липецкая область",
    "office": null,
    "order": 69,
    "parent": 11593,
    "region": null,
    "rght": 57,
    "tree_id": 5
  },
  {
    "id": 11623,
    "level": 1,
    "lft": 58,
    "name": "Магаданская область",
    "office": null,
    "order": 70,
    "parent": 11593,
    "region": null,
    "rght": 59,
    "tree_id": 5
  },
  {
    "id": 11624,
    "level": 1,
    "lft": 62,
    "name": "Московская область",
    "office": null,
    "order": 71,
    "parent": 11593,
    "region": null,
    "rght": 63,
    "tree_id": 5
  },
  {
    "id": 11625,
    "level": 1,
    "lft": 64,
    "name": "Мурманская область",
    "office": null,
    "order": 72,
    "parent": 11593,
    "region": null,
    "rght": 65,
    "tree_id": 5
  },
  {
    "id": 11626,
    "level": 1,
    "lft": 66,
    "name": "Ненецкий автономный округ",
    "office": null,
    "order": 73,
    "parent": 11593,
    "region": null,
    "rght": 67,
    "tree_id": 5
  },
  {
    "id": 11627,
    "level": 1,
    "lft": 68,
    "name": "Нижегородская область",
    "office": null,
    "order": 74,
    "parent": 11593,
    "region": null,
    "rght": 69,
    "tree_id": 5
  },
  {
    "id": 11628,
    "level": 1,
    "lft": 70,
    "name": "Новгородская область",
    "office": null,
    "order": 75,
    "parent": 11593,
    "region": null,
    "rght": 71,
    "tree_id": 5
  },
  {
    "id": 11629,
    "level": 1,
    "lft": 72,
    "name": "Новосибирская область",
    "office": null,
    "order": 76,
    "parent": 11593,
    "region": null,
    "rght": 73,
    "tree_id": 5
  },
  {
    "id": 11630,
    "level": 1,
    "lft": 74,
    "name": "Омская область",
    "office": null,
    "order": 77,
    "parent": 11593,
    "region": null,
    "rght": 75,
    "tree_id": 5
  },
  {
    "id": 11631,
    "level": 1,
    "lft": 76,
    "name": "Оренбургская область",
    "office": null,
    "order": 78,
    "parent": 11593,
    "region": null,
    "rght": 77,
    "tree_id": 5
  },
  {
    "id": 11632,
    "level": 1,
    "lft": 78,
    "name": "Орловская область",
    "office": null,
    "order": 79,
    "parent": 11593,
    "region": null,
    "rght": 79,
    "tree_id": 5
  },
  {
    "id": 11633,
    "level": 1,
    "lft": 80,
    "name": "Пензенская область",
    "office": null,
    "order": 80,
    "parent": 11593,
    "region": null,
    "rght": 81,
    "tree_id": 5
  },
  {
    "id": 11634,
    "level": 1,
    "lft": 82,
    "name": "Пермский край",
    "office": null,
    "order": 81,
    "parent": 11593,
    "region": null,
    "rght": 83,
    "tree_id": 5
  },
  {
    "id": 11635,
    "level": 1,
    "lft": 84,
    "name": "Приморский край",
    "office": null,
    "order": 82,
    "parent": 11593,
    "region": null,
    "rght": 85,
    "tree_id": 5
  },
  {
    "id": 11636,
    "level": 1,
    "lft": 86,
    "name": "Псковская область",
    "office": null,
    "order": 83,
    "parent": 11593,
    "region": null,
    "rght": 87,
    "tree_id": 5
  },
  {
    "id": 11637,
    "level": 1,
    "lft": 88,
    "name": "Республика Адыгея",
    "office": null,
    "order": 84,
    "parent": 11593,
    "region": null,
    "rght": 89,
    "tree_id": 5
  },
  {
    "id": 11638,
    "level": 1,
    "lft": 90,
    "name": "Республика Алтай",
    "office": null,
    "order": 85,
    "parent": 11593,
    "region": null,
    "rght": 91,
    "tree_id": 5
  },
  {
    "id": 11639,
    "level": 1,
    "lft": 92,
    "name": "Республика Башкортостан",
    "office": null,
    "order": 86,
    "parent": 11593,
    "region": null,
    "rght": 93,
    "tree_id": 5
  },
  {
    "id": 11640,
    "level": 1,
    "lft": 94,
    "name": "Республика Бурятия",
    "office": null,
    "order": 87,
    "parent": 11593,
    "region": null,
    "rght": 95,
    "tree_id": 5
  },
  {
    "id": 11641,
    "level": 1,
    "lft": 96,
    "name": "Республика Дагестан",
    "office": null,
    "order": 88,
    "parent": 11593,
    "region": null,
    "rght": 97,
    "tree_id": 5
  },
  {
    "id": 11642,
    "level": 1,
    "lft": 98,
    "name": "Республика Ингушетия",
    "office": null,
    "order": 89,
    "parent": 11593,
    "region": null,
    "rght": 99,
    "tree_id": 5
  },
  {
    "id": 11643,
    "level": 1,
    "lft": 100,
    "name": "Республика Калмыкия",
    "office": null,
    "order": 90,
    "parent": 11593,
    "region": null,
    "rght": 101,
    "tree_id": 5
  },
  {
    "id": 11644,
    "level": 1,
    "lft": 102,
    "name": "Республика Карелия",
    "office": null,
    "order": 91,
    "parent": 11593,
    "region": null,
    "rght": 103,
    "tree_id": 5
  },
  {
    "id": 11645,
    "level": 1,
    "lft": 104,
    "name": "Республика Коми",
    "office": null,
    "order": 92,
    "parent": 11593,
    "region": null,
    "rght": 105,
    "tree_id": 5
  },
  {
    "id": 11646,
    "level": 1,
    "lft": 106,
    "name": "Республика Крым",
    "office": null,
    "order": 93,
    "parent": 11593,
    "region": null,
    "rght": 107,
    "tree_id": 5
  },
  {
    "id": 11647,
    "level": 1,
    "lft": 108,
    "name": "Республика Марий Эл",
    "office": null,
    "order": 94,
    "parent": 11593,
    "region": null,
    "rght": 109,
    "tree_id": 5
  },
  {
    "id": 11648,
    "level": 1,
    "lft": 110,
    "name": "Республика Мордовия",
    "office": null,
    "order": 95,
    "parent": 11593,
    "region": null,
    "rght": 111,
    "tree_id": 5
  },
  {
    "id": 11649,
    "level": 1,
    "lft": 112,
    "name": "Республика Саха (Якутия)",
    "office": null,
    "order": 96,
    "parent": 11593,
    "region": null,
    "rght": 113,
    "tree_id": 5
  },
  {
    "id": 11650,
    "level": 1,
    "lft": 114,
    "name": "Республика Северная Осетия - Алания",
    "office": null,
    "order": 97,
    "parent": 11593,
    "region": null,
    "rght": 115,
    "tree_id": 5
  },
  {
    "id": 11651,
    "level": 1,
    "lft": 116,
    "name": "Республика Татарстан",
    "office": null,
    "order": 98,
    "parent": 11593,
    "region": null,
    "rght": 117,
    "tree_id": 5
  },
  {
    "id": 11652,
    "level": 1,
    "lft": 118,
    "name": "Республика Тыва",
    "office": null,
    "order": 99,
    "parent": 11593,
    "region": null,
    "rght": 119,
    "tree_id": 5
  },
  {
    "id": 11653,
    "level": 1,
    "lft": 120,
    "name": "Республика Хакасия",
    "office": null,
    "order": 100,
    "parent": 11593,
    "region": null,
    "rght": 121,
    "tree_id": 5
  },
  {
    "id": 11654,
    "level": 1,
    "lft": 122,
    "name": "Ростовская область",
    "office": null,
    "order": 101,
    "parent": 11593,
    "region": null,
    "rght": 123,
    "tree_id": 5
  },
  {
    "id": 11655,
    "level": 1,
    "lft": 124,
    "name": "Рязанская область",
    "office": null,
    "order": 102,
    "parent": 11593,
    "region": null,
    "rght": 125,
    "tree_id": 5
  },
  {
    "id": 11656,
    "level": 1,
    "lft": 126,
    "name": "Самарская область",
    "office": null,
    "order": 103,
    "parent": 11593,
    "region": null,
    "rght": 127,
    "tree_id": 5
  },
  {
    "id": 11657,
    "level": 1,
    "lft": 128,
    "name": "Санкт-Петербург",
    "office": null,
    "order": 104,
    "parent": 11593,
    "region": null,
    "rght": 129,
    "tree_id": 5
  },
  {
    "id": 11658,
    "level": 1,
    "lft": 130,
    "name": "Саратовская область",
    "office": null,
    "order": 105,
    "parent": 11593,
    "region": null,
    "rght": 131,
    "tree_id": 5
  },
  {
    "id": 11659,
    "level": 1,
    "lft": 132,
    "name": "Сахалинская область",
    "office": null,
    "order": 106,
    "parent": 11593,
    "region": null,
    "rght": 133,
    "tree_id": 5
  },
  {
    "id": 11660,
    "level": 1,
    "lft": 134,
    "name": "Свердловская область",
    "office": null,
    "order": 107,
    "parent": 11593,
    "region": null,
    "rght": 135,
    "tree_id": 5
  },
  {
    "id": 11661,
    "level": 1,
    "lft": 136,
    "name": "Севастополь",
    "office": null,
    "order": 108,
    "parent": 11593,
    "region": null,
    "rght": 137,
    "tree_id": 5
  },
  {
    "id": 11662,
    "level": 1,
    "lft": 138,
    "name": "Смоленская область",
    "office": null,
    "order": 109,
    "parent": 11593,
    "region": null,
    "rght": 139,
    "tree_id": 5
  },
  {
    "id": 11663,
    "level": 1,
    "lft": 140,
    "name": "Ставропольский край",
    "office": null,
    "order": 110,
    "parent": 11593,
    "region": null,
    "rght": 141,
    "tree_id": 5
  },
  {
    "id": 11664,
    "level": 1,
    "lft": 142,
    "name": "Тамбовская область",
    "office": null,
    "order": 111,
    "parent": 11593,
    "region": null,
    "rght": 143,
    "tree_id": 5
  },
  {
    "id": 11665,
    "level": 1,
    "lft": 144,
    "name": "Тверская область",
    "office": null,
    "order": 112,
    "parent": 11593,
    "region": null,
    "rght": 145,
    "tree_id": 5
  },
  {
    "id": 11666,
    "level": 1,
    "lft": 146,
    "name": "Томская область",
    "office": null,
    "order": 113,
    "parent": 11593,
    "region": null,
    "rght": 147,
    "tree_id": 5
  },
  {
    "id": 11667,
    "level": 1,
    "lft": 148,
    "name": "Тульская область",
    "office": null,
    "order": 114,
    "parent": 11593,
    "region": null,
    "rght": 149,
    "tree_id": 5
  },
  {
    "id": 11668,
    "level": 1,
    "lft": 150,
    "name": "Тюменская область",
    "office": null,
    "order": 115,
    "parent": 11593,
    "region": null,
    "rght": 151,
    "tree_id": 5
  },
  {
    "id": 11669,
    "level": 1,
    "lft": 152,
    "name": "Удмуртская Республика",
    "office": null,
    "order": 116,
    "parent": 11593,
    "region": null,
    "rght": 153,
    "tree_id": 5
  },
  {
    "id": 11670,
    "level": 1,
    "lft": 154,
    "name": "Ульяновская область",
    "office": null,
    "order": 117,
    "parent": 11593,
    "region": null,
    "rght": 155,
    "tree_id": 5
  },
  {
    "id": 11671,
    "level": 1,
    "lft": 156,
    "name": "Хабаровский край",
    "office": null,
    "order": 118,
    "parent": 11593,
    "region": null,
    "rght": 157,
    "tree_id": 5
  },
  {
    "id": 11672,
    "level": 1,
    "lft": 158,
    "name": "Ханты-Мансийский автономный округ - Югра",
    "office": null,
    "order": 119,
    "parent": 11593,
    "region": null,
    "rght": 159,
    "tree_id": 5
  },
  {
    "id": 11673,
    "level": 1,
    "lft": 160,
    "name": "Челябинская область",
    "office": null,
    "order": 120,
    "parent": 11593,
    "region": null,
    "rght": 161,
    "tree_id": 5
  },
  {
    "id": 11674,
    "level": 1,
    "lft": 162,
    "name": "Чеченская Республика",
    "office": null,
    "order": 121,
    "parent": 11593,
    "region": null,
    "rght": 163,
    "tree_id": 5
  },
  {
    "id": 11675,
    "level": 1,
    "lft": 164,
    "name": "Чувашская Республика - Чувашия",
    "office": null,
    "order": 122,
    "parent": 11593,
    "region": null,
    "rght": 165,
    "tree_id": 5
  },
  {
    "id": 11676,
    "level": 1,
    "lft": 166,
    "name": "Чукотский автономный округ",
    "office": null,
    "order": 123,
    "parent": 11593,
    "region": null,
    "rght": 167,
    "tree_id": 5
  },
  {
    "id": 11677,
    "level": 1,
    "lft": 168,
    "name": "Ямало-Ненецкий автономный округ",
    "office": null,
    "order": 124,
    "parent": 11593,
    "region": null,
    "rght": 169,
    "tree_id": 5
  },
  {
    "id": 11678,
    "level": 1,
    "lft": 170,
    "name": "Ярославская область",
    "office": null,
    "order": 125,
    "parent": 11593,
    "region": null,
    "rght": 171,
    "tree_id": 5
  },
  {
    "id": 11679,
    "level": 0,
    "lft": 1,
    "name": "отраслевое лобби",
    "office": null,
    "order": 126,
    "parent": null,
    "region": null,
    "rght": 96,
    "tree_id": 4
  },
  {
    "id": 11680,
    "level": 1,
    "lft": 94,
    "name": "электроэнергетика",
    "office": null,
    "order": 126,
    "parent": 11679,
    "region": null,
    "rght": 95,
    "tree_id": 4
  },
  {
    "id": 11681,
    "level": 1,
    "lft": 2,
    "name": "атомная промышленность",
    "office": null,
    "order": 127,
    "parent": 11679,
    "region": null,
    "rght": 3,
    "tree_id": 4
  },
  {
    "id": 11682,
    "level": 1,
    "lft": 34,
    "name": "космическая отрасль",
    "office": null,
    "order": 128,
    "parent": 11679,
    "region": null,
    "rght": 35,
    "tree_id": 4
  },
  {
    "id": 11683,
    "level": 1,
    "lft": 72,
    "name": "топливная промышленность",
    "office": null,
    "order": 129,
    "parent": 11679,
    "region": null,
    "rght": 73,
    "tree_id": 4
  },
  {
    "id": 11684,
    "level": 1,
    "lft": 90,
    "name": "черная, цветная металлургия, металлообработка",
    "office": null,
    "order": 130,
    "parent": 11679,
    "region": null,
    "rght": 93,
    "tree_id": 4
  },
  {
    "id": 11685,
    "level": 2,
    "lft": 91,
    "name": "оружейное лобби",
    "office": null,
    "order": 130,
    "parent": 11684,
    "region": null,
    "rght": 92,
    "tree_id": 4
  },
  {
    "id": 11686,
    "level": 1,
    "lft": 88,
    "name": "химическая и нефтехимическая промышленность",
    "office": null,
    "order": 131,
    "parent": 11679,
    "region": null,
    "rght": 89,
    "tree_id": 4
  },
  {
    "id": 11687,
    "level": 1,
    "lft": 44,
    "name": "машиностроение, автомобилестроение",
    "office": null,
    "order": 132,
    "parent": 11679,
    "region": null,
    "rght": 45,
    "tree_id": 4
  },
  {
    "id": 11688,
    "level": 1,
    "lft": 20,
    "name": "деревообрабатывающая и целлюлозно-бумажная промышленность",
    "office": null,
    "order": 133,
    "parent": 11679,
    "region": null,
    "rght": 21,
    "tree_id": 4
  },
  {
    "id": 11689,
    "level": 1,
    "lft": 56,
    "name": "промышленность строительных материалов",
    "office": null,
    "order": 134,
    "parent": 11679,
    "region": null,
    "rght": 57,
    "tree_id": 4
  },
  {
    "id": 11690,
    "level": 1,
    "lft": 62,
    "name": "стекольная и фарфоро-фаянсовая промышленность",
    "office": null,
    "order": 135,
    "parent": 11679,
    "region": null,
    "rght": 63,
    "tree_id": 4
  },
  {
    "id": 11691,
    "level": 1,
    "lft": 40,
    "name": "легкая промышленность",
    "office": null,
    "order": 136,
    "parent": 11679,
    "region": null,
    "rght": 41,
    "tree_id": 4
  },
  {
    "id": 11692,
    "level": 1,
    "lft": 50,
    "name": "пищевая промышленность",
    "office": null,
    "order": 137,
    "parent": 11679,
    "region": null,
    "rght": 55,
    "tree_id": 4
  },
  {
    "id": 11693,
    "level": 2,
    "lft": 51,
    "name": "алкогольное лобби",
    "office": null,
    "order": 137,
    "parent": 11692,
    "region": null,
    "rght": 52,
    "tree_id": 4
  },
  {
    "id": 11694,
    "level": 2,
    "lft": 53,
    "name": "табачное лобби",
    "office": null,
    "order": 138,
    "parent": 11692,
    "region": null,
    "rght": 54,
    "tree_id": 4
  },
  {
    "id": 11695,
    "level": 1,
    "lft": 46,
    "name": "медицина и фармацевтика",
    "office": null,
    "order": 139,
    "parent": 11679,
    "region": null,
    "rght": 47,
    "tree_id": 4
  },
  {
    "id": 11696,
    "level": 1,
    "lft": 60,
    "name": "сельское хозяйство",
    "office": null,
    "order": 140,
    "parent": 11679,
    "region": null,
    "rght": 61,
    "tree_id": 4
  },
  {
    "id": 11697,
    "level": 1,
    "lft": 42,
    "name": "лесное, рыбное хозяйство",
    "office": null,
    "order": 141,
    "parent": 11679,
    "region": null,
    "rght": 43,
    "tree_id": 4
  },
  {
    "id": 11698,
    "level": 1,
    "lft": 74,
    "name": "транспорт и связь",
    "office": null,
    "order": 142,
    "parent": 11679,
    "region": null,
    "rght": 79,
    "tree_id": 4
  },
  {
    "id": 11699,
    "level": 2,
    "lft": 77,
    "name": "транспорт",
    "office": null,
    "order": 142,
    "parent": 11698,
    "region": null,
    "rght": 78,
    "tree_id": 4
  },
  {
    "id": 11700,
    "level": 2,
    "lft": 75,
    "name": "СМИ",
    "office": null,
    "order": 143,
    "parent": 11698,
    "region": null,
    "rght": 76,
    "tree_id": 4
  },
  {
    "id": 11701,
    "level": 1,
    "lft": 64,
    "name": "строительство, девелопмент",
    "office": null,
    "order": 144,
    "parent": 11679,
    "region": null,
    "rght": 65,
    "tree_id": 4
  },
  {
    "id": 11702,
    "level": 1,
    "lft": 58,
    "name": "ритейл",
    "office": null,
    "order": 145,
    "parent": 11679,
    "region": null,
    "rght": 59,
    "tree_id": 4
  },
  {
    "id": 11703,
    "level": 1,
    "lft": 70,
    "name": "телекоммуникации, IT",
    "office": null,
    "order": 146,
    "parent": 11679,
    "region": null,
    "rght": 71,
    "tree_id": 4
  },
  {
    "id": 11704,
    "level": 1,
    "lft": 32,
    "name": "инвестиционная деятельность",
    "office": null,
    "order": 147,
    "parent": 11679,
    "region": null,
    "rght": 33,
    "tree_id": 4
  },
  {
    "id": 11705,
    "level": 1,
    "lft": 4,
    "name": "геология и разведка недр",
    "office": null,
    "order": 148,
    "parent": 11679,
    "region": null,
    "rght": 5,
    "tree_id": 4
  },
  {
    "id": 11706,
    "level": 1,
    "lft": 22,
    "name": "жилищно-коммунальное хозяйство",
    "office": null,
    "order": 149,
    "parent": 11679,
    "region": null,
    "rght": 23,
    "tree_id": 4
  },
  {
    "id": 11707,
    "level": 1,
    "lft": 66,
    "name": "сфера услуг",
    "office": null,
    "order": 150,
    "parent": 11679,
    "region": null,
    "rght": 69,
    "tree_id": 4
  },
  {
    "id": 11708,
    "level": 2,
    "lft": 67,
    "name": "реклама",
    "office": null,
    "order": 150,
    "parent": 11707,
    "region": null,
    "rght": 68,
    "tree_id": 4
  },
  {
    "id": 11709,
    "level": 1,
    "lft": 24,
    "name": "здравоохранение, спорт, туризм",
    "office": null,
    "order": 151,
    "parent": 11679,
    "region": null,
    "rght": 31,
    "tree_id": 4
  },
  {
    "id": 11710,
    "level": 2,
    "lft": 25,
    "name": "здравоохранение",
    "office": null,
    "order": 151,
    "parent": 11709,
    "region": null,
    "rght": 26,
    "tree_id": 4
  },
  {
    "id": 11711,
    "level": 2,
    "lft": 27,
    "name": "спорт",
    "office": null,
    "order": 152,
    "parent": 11709,
    "region": null,
    "rght": 28,
    "tree_id": 4
  },
  {
    "id": 11712,
    "level": 2,
    "lft": 29,
    "name": "туризм",
    "office": null,
    "order": 153,
    "parent": 11709,
    "region": null,
    "rght": 30,
    "tree_id": 4
  },
  {
    "id": 11713,
    "level": 1,
    "lft": 48,
    "name": "образование, наука и научное обслуживание",
    "office": null,
    "order": 154,
    "parent": 11679,
    "region": null,
    "rght": 49,
    "tree_id": 4
  },
  {
    "id": 11714,
    "level": 1,
    "lft": 36,
    "name": "культура, искусство, индустрия развлечений",
    "office": null,
    "order": 155,
    "parent": 11679,
    "region": null,
    "rght": 39,
    "tree_id": 4
  },
  {
    "id": 11715,
    "level": 2,
    "lft": 37,
    "name": "букмекеры",
    "office": null,
    "order": 155,
    "parent": 11714,
    "region": null,
    "rght": 38,
    "tree_id": 4
  },
  {
    "id": 11716,
    "level": 1,
    "lft": 80,
    "name": "финансы, банки, страхование, пенсионное обслуживание",
    "office": null,
    "order": 156,
    "parent": 11679,
    "region": null,
    "rght": 87,
    "tree_id": 4
  },
  {
    "id": 11717,
    "level": 2,
    "lft": 85,
    "name": "финансы, банки",
    "office": null,
    "order": 156,
    "parent": 11716,
    "region": null,
    "rght": 86,
    "tree_id": 4
  },
  {
    "id": 11718,
    "level": 2,
    "lft": 83,
    "name": "страхование",
    "office": null,
    "order": 157,
    "parent": 11716,
    "region": null,
    "rght": 84,
    "tree_id": 4
  },
  {
    "id": 11719,
    "level": 2,
    "lft": 81,
    "name": "пенсионное обслуживание",
    "office": null,
    "order": 158,
    "parent": 11716,
    "region": null,
    "rght": 82,
    "tree_id": 4
  },
  {
    "id": 11720,
    "level": 1,
    "lft": 6,
    "name": "государственное управление",
    "office": null,
    "order": 159,
    "parent": 11679,
    "region": null,
    "rght": 19,
    "tree_id": 4
  },
  {
    "id": 11721,
    "level": 2,
    "lft": 9,
    "name": "госзакупки",
    "office": null,
    "order": 159,
    "parent": 11720,
    "region": null,
    "rght": 10,
    "tree_id": 4
  },
  {
    "id": 11722,
    "level": 2,
    "lft": 11,
    "name": "муниципальное управление",
    "office": null,
    "order": 160,
    "parent": 11720,
    "region": null,
    "rght": 12,
    "tree_id": 4
  },
  {
    "id": 11723,
    "level": 2,
    "lft": 17,
    "name": "суды",
    "office": null,
    "order": 161,
    "parent": 11720,
    "region": null,
    "rght": 18,
    "tree_id": 4
  },
  {
    "id": 11724,
    "level": 2,
    "lft": 7,
    "name": "адвокаты",
    "office": null,
    "order": 162,
    "parent": 11720,
    "region": null,
    "rght": 8,
    "tree_id": 4
  },
  {
    "id": 11725,
    "level": 2,
    "lft": 13,
    "name": "нотариусы",
    "office": null,
    "order": 163,
    "parent": 11720,
    "region": null,
    "rght": 14,
    "tree_id": 4
  },
  {
    "id": 11726,
    "level": 2,
    "lft": 15,
    "name": "оценщики",
    "office": null,
    "order": 164,
    "parent": 11720,
    "region": null,
    "rght": 16,
    "tree_id": 4
  },
  {
    "id": 11727,
    "level": 0,
    "lft": 1,
    "name": "Общественно-политическое лобби",
    "office": null,
    "order": 165,
    "parent": null,
    "region": null,
    "rght": 22,
    "tree_id": 3
  },
  {
    "id": 11728,
    "level": 1,
    "lft": 10,
    "name": "конфессиональное лобби",
    "office": null,
    "order": 165,
    "parent": 11727,
    "region": null,
    "rght": 17,
    "tree_id": 3
  },
  {
    "id": 11729,
    "level": 2,
    "lft": 15,
    "name": "РПЦ",
    "office": null,
    "order": 165,
    "parent": 11728,
    "region": null,
    "rght": 16,
    "tree_id": 3
  },
  {
    "id": 11730,
    "level": 2,
    "lft": 13,
    "name": "Ислам",
    "office": null,
    "order": 166,
    "parent": 11728,
    "region": null,
    "rght": 14,
    "tree_id": 3
  },
  {
    "id": 11731,
    "level": 2,
    "lft": 11,
    "name": "Буддизм",
    "office": null,
    "order": 167,
    "parent": 11728,
    "region": null,
    "rght": 12,
    "tree_id": 3
  },
  {
    "id": 11732,
    "level": 1,
    "lft": 2,
    "name": "гражданские инициативы",
    "office": null,
    "order": 168,
    "parent": 11727,
    "region": null,
    "rght": 9,
    "tree_id": 3
  },
  {
    "id": 11733,
    "level": 2,
    "lft": 7,
    "name": "ОНФ",
    "office": null,
    "order": 168,
    "parent": 11732,
    "region": null,
    "rght": 8,
    "tree_id": 3
  },
  {
    "id": 11734,
    "level": 2,
    "lft": 3,
    "name": "автомобилисты",
    "office": null,
    "order": 169,
    "parent": 11732,
    "region": null,
    "rght": 4,
    "tree_id": 3
  },
  {
    "id": 11735,
    "level": 2,
    "lft": 5,
    "name": "НКО",
    "office": null,
    "order": 170,
    "parent": 11732,
    "region": null,
    "rght": 6,
    "tree_id": 3
  },
  {
    "id": 11736,
    "level": 1,
    "lft": 20,
    "name": "экологическое лобби",
    "office": null,
    "order": 171,
    "parent": 11727,
    "region": null,
    "rght": 21,
    "tree_id": 3
  },
  {
    "id": 11737,
    "level": 1,
    "lft": 18,
    "name": "профсоюзное лобби",
    "office": null,
    "order": 172,
    "parent": 11727,
    "region": null,
    "rght": 19,
    "tree_id": 3
  },
  {
    "id": 11738,
    "level": 0,
    "lft": 1,
    "name": "Иностранное лобби",
    "office": null,
    "order": 173,
    "parent": null,
    "region": null,
    "rght": 2,
    "tree_id": 1
  },
  {
    "id": 11739,
    "level": 0,
    "lft": 1,
    "name": "Финансово-промышленные группы",
    "office": null,
    "order": 174,
    "parent": null,
    "region": null,
    "rght": 224,
    "tree_id": 7
  },
  {
    "id": 11740,
    "level": 1,
    "lft": 110,
    "name": "Лукойл",
    "office": null,
    "order": 174,
    "parent": 11739,
    "region": null,
    "rght": 111,
    "tree_id": 7
  },
  {
    "id": 11741,
    "level": 1,
    "lft": 138,
    "name": "ПАО Газпром",
    "office": null,
    "order": 175,
    "parent": 11739,
    "region": null,
    "rght": 139,
    "tree_id": 7
  },
  {
    "id": 11742,
    "level": 1,
    "lft": 80,
    "name": "ГК Эвалар",
    "office": null,
    "order": 176,
    "parent": 11739,
    "region": null,
    "rght": 81,
    "tree_id": 7
  },
  {
    "id": 11743,
    "level": 1,
    "lft": 68,
    "name": "ГК Сумма",
    "office": null,
    "order": 177,
    "parent": 11739,
    "region": null,
    "rght": 69,
    "tree_id": 7
  },
  {
    "id": 11744,
    "level": 1,
    "lft": 18,
    "name": "Альфа-групп",
    "office": null,
    "order": 178,
    "parent": 11739,
    "region": null,
    "rght": 19,
    "tree_id": 7
  },
  {
    "id": 11745,
    "level": 1,
    "lft": 32,
    "name": "Базовый элемент",
    "office": null,
    "order": 179,
    "parent": 11739,
    "region": null,
    "rght": 33,
    "tree_id": 7
  },
  {
    "id": 11746,
    "level": 1,
    "lft": 214,
    "name": "Холдинг Рота",
    "office": null,
    "order": 180,
    "parent": 11739,
    "region": null,
    "rght": 215,
    "tree_id": 7
  },
  {
    "id": 11747,
    "level": 1,
    "lft": 60,
    "name": "ГК Роснано",
    "office": null,
    "order": 181,
    "parent": 11739,
    "region": null,
    "rght": 61,
    "tree_id": 7
  },
  {
    "id": 11748,
    "level": 1,
    "lft": 4,
    "name": "Fort Group",
    "office": null,
    "order": 182,
    "parent": 11739,
    "region": null,
    "rght": 5,
    "tree_id": 7
  },
  {
    "id": 11749,
    "level": 1,
    "lft": 216,
    "name": "Холдинг Синдика",
    "office": null,
    "order": 183,
    "parent": 11739,
    "region": null,
    "rght": 217,
    "tree_id": 7
  },
  {
    "id": 11750,
    "level": 1,
    "lft": 158,
    "name": "ПГ “Аникеев бизнес инвест”",
    "office": null,
    "order": 184,
    "parent": 11739,
    "region": null,
    "rght": 159,
    "tree_id": 7
  },
  {
    "id": 11751,
    "level": 1,
    "lft": 8,
    "name": "АБИ Групп",
    "office": null,
    "order": 185,
    "parent": 11739,
    "region": null,
    "rght": 9,
    "tree_id": 7
  },
  {
    "id": 11752,
    "level": 1,
    "lft": 42,
    "name": "ГК Алвисагрупп",
    "office": null,
    "order": 186,
    "parent": 11739,
    "region": null,
    "rght": 43,
    "tree_id": 7
  },
  {
    "id": 11753,
    "level": 1,
    "lft": 82,
    "name": "ГК Эликор",
    "office": null,
    "order": 187,
    "parent": 11739,
    "region": null,
    "rght": 83,
    "tree_id": 7
  },
  {
    "id": 11754,
    "level": 1,
    "lft": 64,
    "name": "ГК Славич",
    "office": null,
    "order": 188,
    "parent": 11739,
    "region": null,
    "rght": 65,
    "tree_id": 7
  },
  {
    "id": 11755,
    "level": 1,
    "lft": 202,
    "name": "Холдинг \"Металлинвест\"",
    "office": null,
    "order": 189,
    "parent": 11739,
    "region": null,
    "rght": 203,
    "tree_id": 7
  },
  {
    "id": 11756,
    "level": 1,
    "lft": 86,
    "name": "ГК “АЛМАЗ”",
    "office": null,
    "order": 190,
    "parent": 11739,
    "region": null,
    "rght": 87,
    "tree_id": 7
  },
  {
    "id": 11757,
    "level": 1,
    "lft": 56,
    "name": "ГК Регионы",
    "office": null,
    "order": 191,
    "parent": 11739,
    "region": null,
    "rght": 57,
    "tree_id": 7
  },
  {
    "id": 11758,
    "level": 1,
    "lft": 62,
    "name": "ГК Ростех",
    "office": null,
    "order": 192,
    "parent": 11739,
    "region": null,
    "rght": 63,
    "tree_id": 7
  },
  {
    "id": 11759,
    "level": 1,
    "lft": 44,
    "name": "ГК АСПЭК",
    "office": null,
    "order": 193,
    "parent": 11739,
    "region": null,
    "rght": 45,
    "tree_id": 7
  },
  {
    "id": 11760,
    "level": 1,
    "lft": 144,
    "name": "ПАО РЖД",
    "office": null,
    "order": 194,
    "parent": 11739,
    "region": null,
    "rght": 145,
    "tree_id": 7
  },
  {
    "id": 11761,
    "level": 1,
    "lft": 198,
    "name": "ХК Сибирский деловой союз",
    "office": null,
    "order": 195,
    "parent": 11739,
    "region": null,
    "rght": 199,
    "tree_id": 7
  },
  {
    "id": 11762,
    "level": 1,
    "lft": 170,
    "name": "Русал",
    "office": null,
    "order": 196,
    "parent": 11739,
    "region": null,
    "rght": 171,
    "tree_id": 7
  },
  {
    "id": 11763,
    "level": 1,
    "lft": 118,
    "name": "Норникель",
    "office": null,
    "order": 197,
    "parent": 11739,
    "region": null,
    "rght": 119,
    "tree_id": 7
  },
  {
    "id": 11764,
    "level": 1,
    "lft": 176,
    "name": "Сибагрохолдинг",
    "office": null,
    "order": 198,
    "parent": 11739,
    "region": null,
    "rght": 177,
    "tree_id": 7
  },
  {
    "id": 11765,
    "level": 1,
    "lft": 20,
    "name": "АО «НПК «Уралвагонзавод»",
    "office": null,
    "order": 199,
    "parent": 11739,
    "region": null,
    "rght": 21,
    "tree_id": 7
  },
  {
    "id": 11766,
    "level": 1,
    "lft": 26,
    "name": "АО ЧЭМК",
    "office": null,
    "order": 200,
    "parent": 11739,
    "region": null,
    "rght": 27,
    "tree_id": 7
  },
  {
    "id": 11767,
    "level": 1,
    "lft": 132,
    "name": "ПАО \"ММК\"",
    "office": null,
    "order": 201,
    "parent": 11739,
    "region": null,
    "rght": 133,
    "tree_id": 7
  },
  {
    "id": 11768,
    "level": 1,
    "lft": 212,
    "name": "Холдинг Металлоинвест",
    "office": null,
    "order": 202,
    "parent": 11739,
    "region": null,
    "rght": 213,
    "tree_id": 7
  },
  {
    "id": 11769,
    "level": 1,
    "lft": 92,
    "name": "ГК “Русская медная компания”",
    "office": null,
    "order": 203,
    "parent": 11739,
    "region": null,
    "rght": 93,
    "tree_id": 7
  },
  {
    "id": 11770,
    "level": 1,
    "lft": 130,
    "name": "ООО “УСМК”",
    "office": null,
    "order": 204,
    "parent": 11739,
    "region": null,
    "rght": 131,
    "tree_id": 7
  },
  {
    "id": 11771,
    "level": 1,
    "lft": 150,
    "name": "ПАО ЧКПЗ",
    "office": null,
    "order": 205,
    "parent": 11739,
    "region": null,
    "rght": 151,
    "tree_id": 7
  },
  {
    "id": 11772,
    "level": 1,
    "lft": 180,
    "name": "Сургутнефтегаз",
    "office": null,
    "order": 206,
    "parent": 11739,
    "region": null,
    "rght": 181,
    "tree_id": 7
  },
  {
    "id": 11773,
    "level": 1,
    "lft": 154,
    "name": "ПАО “Новатэк”",
    "office": null,
    "order": 207,
    "parent": 11739,
    "region": null,
    "rght": 155,
    "tree_id": 7
  },
  {
    "id": 11774,
    "level": 1,
    "lft": 6,
    "name": "SVP Group",
    "office": null,
    "order": 208,
    "parent": 11739,
    "region": null,
    "rght": 7,
    "tree_id": 7
  },
  {
    "id": 11775,
    "level": 1,
    "lft": 90,
    "name": "ГК “Нэфис”",
    "office": null,
    "order": 209,
    "parent": 11739,
    "region": null,
    "rght": 91,
    "tree_id": 7
  },
  {
    "id": 11776,
    "level": 1,
    "lft": 66,
    "name": "ГК СМП-Нефтегаз",
    "office": null,
    "order": 210,
    "parent": 11739,
    "region": null,
    "rght": 67,
    "tree_id": 7
  },
  {
    "id": 11777,
    "level": 1,
    "lft": 184,
    "name": "Татнефть",
    "office": null,
    "order": 211,
    "parent": 11739,
    "region": null,
    "rght": 185,
    "tree_id": 7
  },
  {
    "id": 11778,
    "level": 1,
    "lft": 88,
    "name": "ГК “Камаз”",
    "office": null,
    "order": 212,
    "parent": 11739,
    "region": null,
    "rght": 89,
    "tree_id": 7
  },
  {
    "id": 11779,
    "level": 1,
    "lft": 70,
    "name": "ГК ТАИФ",
    "office": null,
    "order": 213,
    "parent": 11739,
    "region": null,
    "rght": 71,
    "tree_id": 7
  },
  {
    "id": 11780,
    "level": 1,
    "lft": 204,
    "name": "Холдинг \"Шик\"",
    "office": null,
    "order": 214,
    "parent": 11739,
    "region": null,
    "rght": 205,
    "tree_id": 7
  },
  {
    "id": 11781,
    "level": 1,
    "lft": 38,
    "name": "Газпром бурение - братья Ротенберги",
    "office": null,
    "order": 215,
    "parent": 11739,
    "region": null,
    "rght": 39,
    "tree_id": 7
  },
  {
    "id": 11782,
    "level": 1,
    "lft": 166,
    "name": "Роснефть",
    "office": null,
    "order": 216,
    "parent": 11739,
    "region": null,
    "rght": 167,
    "tree_id": 7
  },
  {
    "id": 11783,
    "level": 1,
    "lft": 142,
    "name": "ПАО Объединенная авиастроительная корпорация",
    "office": null,
    "order": 217,
    "parent": 11739,
    "region": null,
    "rght": 143,
    "tree_id": 7
  },
  {
    "id": 11784,
    "level": 1,
    "lft": 164,
    "name": "Росавтодор",
    "office": null,
    "order": 218,
    "parent": 11739,
    "region": null,
    "rght": 165,
    "tree_id": 7
  },
  {
    "id": 11785,
    "level": 1,
    "lft": 140,
    "name": "ПАО Кировский завод",
    "office": null,
    "order": 219,
    "parent": 11739,
    "region": null,
    "rght": 141,
    "tree_id": 7
  },
  {
    "id": 11786,
    "level": 1,
    "lft": 94,
    "name": "Глобалстрой инжиниринг",
    "office": null,
    "order": 220,
    "parent": 11739,
    "region": null,
    "rght": 95,
    "tree_id": 7
  },
  {
    "id": 11787,
    "level": 1,
    "lft": 14,
    "name": "АК Алроса",
    "office": null,
    "order": 221,
    "parent": 11739,
    "region": null,
    "rght": 15,
    "tree_id": 7
  },
  {
    "id": 11788,
    "level": 1,
    "lft": 136,
    "name": "ПАО Автоваз",
    "office": null,
    "order": 222,
    "parent": 11739,
    "region": null,
    "rght": 137,
    "tree_id": 7
  },
  {
    "id": 11789,
    "level": 1,
    "lft": 122,
    "name": "ООО Арт-Реставрация",
    "office": null,
    "order": 223,
    "parent": 11739,
    "region": null,
    "rght": 123,
    "tree_id": 7
  },
  {
    "id": 11790,
    "level": 1,
    "lft": 96,
    "name": "ДОССАФ",
    "office": null,
    "order": 224,
    "parent": 11739,
    "region": null,
    "rght": 97,
    "tree_id": 7
  },
  {
    "id": 11791,
    "level": 1,
    "lft": 168,
    "name": "Ростсельмаш, Константин Бабкин",
    "office": null,
    "order": 225,
    "parent": 11739,
    "region": null,
    "rght": 169,
    "tree_id": 7
  },
  {
    "id": 11792,
    "level": 1,
    "lft": 172,
    "name": "Русская рыбопромышленная компания",
    "office": null,
    "order": 226,
    "parent": 11739,
    "region": null,
    "rght": 173,
    "tree_id": 7
  },
  {
    "id": 11793,
    "level": 1,
    "lft": 102,
    "name": "ЗАО Национальная медиа группа",
    "office": null,
    "order": 227,
    "parent": 11739,
    "region": null,
    "rght": 103,
    "tree_id": 7
  },
  {
    "id": 11794,
    "level": 1,
    "lft": 148,
    "name": "ПАО Северсталь",
    "office": null,
    "order": 228,
    "parent": 11739,
    "region": null,
    "rght": 149,
    "tree_id": 7
  },
  {
    "id": 11795,
    "level": 1,
    "lft": 16,
    "name": "Алкогольная сибирская группа",
    "office": null,
    "order": 229,
    "parent": 11739,
    "region": null,
    "rght": 17,
    "tree_id": 7
  },
  {
    "id": 11796,
    "level": 1,
    "lft": 196,
    "name": "ХК Металлург",
    "office": null,
    "order": 230,
    "parent": 11739,
    "region": null,
    "rght": 197,
    "tree_id": 7
  },
  {
    "id": 11797,
    "level": 1,
    "lft": 126,
    "name": "ООО ОХК “Щекиноазот”",
    "office": null,
    "order": 231,
    "parent": 11739,
    "region": null,
    "rght": 127,
    "tree_id": 7
  },
  {
    "id": 11798,
    "level": 1,
    "lft": 112,
    "name": "Московская конфедерация промышленников и предпринимателей",
    "office": null,
    "order": 232,
    "parent": 11739,
    "region": null,
    "rght": 113,
    "tree_id": 7
  },
  {
    "id": 11799,
    "level": 1,
    "lft": 108,
    "name": "Корпорация Единый Электроэнергетический Комплекс",
    "office": null,
    "order": 233,
    "parent": 11739,
    "region": null,
    "rght": 109,
    "tree_id": 7
  },
  {
    "id": 11800,
    "level": 1,
    "lft": 182,
    "name": "Сусуманский ГОК “Сусуманзолото”",
    "office": null,
    "order": 234,
    "parent": 11739,
    "region": null,
    "rght": 183,
    "tree_id": 7
  },
  {
    "id": 11801,
    "level": 1,
    "lft": 116,
    "name": "НОПРИЗ",
    "office": null,
    "order": 235,
    "parent": 11739,
    "region": null,
    "rght": 117,
    "tree_id": 7
  },
  {
    "id": 11802,
    "level": 1,
    "lft": 210,
    "name": "Холдинг Адучи",
    "office": null,
    "order": 236,
    "parent": 11739,
    "region": null,
    "rght": 211,
    "tree_id": 7
  },
  {
    "id": 11803,
    "level": 1,
    "lft": 174,
    "name": "Русский холод",
    "office": null,
    "order": 237,
    "parent": 11739,
    "region": null,
    "rght": 175,
    "tree_id": 7
  },
  {
    "id": 11804,
    "level": 1,
    "lft": 106,
    "name": "ЗАО “Завод электротехнического оборудования”",
    "office": null,
    "order": 238,
    "parent": 11739,
    "region": null,
    "rght": 107,
    "tree_id": 7
  },
  {
    "id": 11805,
    "level": 1,
    "lft": 12,
    "name": "Агрохолдинг “Кубань”",
    "office": null,
    "order": 239,
    "parent": 11739,
    "region": null,
    "rght": 13,
    "tree_id": 7
  },
  {
    "id": 11806,
    "level": 1,
    "lft": 2,
    "name": "En+",
    "office": null,
    "order": 240,
    "parent": 11739,
    "region": null,
    "rght": 3,
    "tree_id": 7
  },
  {
    "id": 11807,
    "level": 1,
    "lft": 22,
    "name": "АО Молвест",
    "office": null,
    "order": 241,
    "parent": 11739,
    "region": null,
    "rght": 23,
    "tree_id": 7
  },
  {
    "id": 11808,
    "level": 1,
    "lft": 190,
    "name": "Уралтрубпром",
    "office": null,
    "order": 242,
    "parent": 11739,
    "region": null,
    "rght": 191,
    "tree_id": 7
  },
  {
    "id": 11809,
    "level": 1,
    "lft": 58,
    "name": "ГК Росатом",
    "office": null,
    "order": 243,
    "parent": 11739,
    "region": null,
    "rght": 59,
    "tree_id": 7
  },
  {
    "id": 11810,
    "level": 1,
    "lft": 28,
    "name": "АО “Агрокомплекс”",
    "office": null,
    "order": 244,
    "parent": 11739,
    "region": null,
    "rght": 29,
    "tree_id": 7
  },
  {
    "id": 11811,
    "level": 1,
    "lft": 54,
    "name": "ГК Продимекс",
    "office": null,
    "order": 245,
    "parent": 11739,
    "region": null,
    "rght": 55,
    "tree_id": 7
  },
  {
    "id": 11812,
    "level": 1,
    "lft": 146,
    "name": "ПАО Ростелеком",
    "office": null,
    "order": 246,
    "parent": 11739,
    "region": null,
    "rght": 147,
    "tree_id": 7
  },
  {
    "id": 11813,
    "level": 1,
    "lft": 134,
    "name": "ПАО \"МРСК Северо-Запада\"",
    "office": null,
    "order": 247,
    "parent": 11739,
    "region": null,
    "rght": 135,
    "tree_id": 7
  },
  {
    "id": 11814,
    "level": 1,
    "lft": 98,
    "name": "Евраз Групп",
    "office": null,
    "order": 248,
    "parent": 11739,
    "region": null,
    "rght": 99,
    "tree_id": 7
  },
  {
    "id": 11815,
    "level": 1,
    "lft": 218,
    "name": "Холдинг ЦДС",
    "office": null,
    "order": 249,
    "parent": 11739,
    "region": null,
    "rght": 219,
    "tree_id": 7
  },
  {
    "id": 11816,
    "level": 1,
    "lft": 200,
    "name": "Холдинг \"Макфа\"",
    "office": null,
    "order": 250,
    "parent": 11739,
    "region": null,
    "rght": 201,
    "tree_id": 7
  },
  {
    "id": 11817,
    "level": 1,
    "lft": 74,
    "name": "ГК Труд",
    "office": null,
    "order": 251,
    "parent": 11739,
    "region": null,
    "rght": 75,
    "tree_id": 7
  },
  {
    "id": 11818,
    "level": 1,
    "lft": 114,
    "name": "МЭТТЭМ",
    "office": null,
    "order": 252,
    "parent": 11739,
    "region": null,
    "rght": 115,
    "tree_id": 7
  },
  {
    "id": 11819,
    "level": 1,
    "lft": 124,
    "name": "ООО ИПК “Константа Капитал”",
    "office": null,
    "order": 253,
    "parent": 11739,
    "region": null,
    "rght": 125,
    "tree_id": 7
  },
  {
    "id": 11820,
    "level": 1,
    "lft": 76,
    "name": "ГК Увелка",
    "office": null,
    "order": 254,
    "parent": 11739,
    "region": null,
    "rght": 77,
    "tree_id": 7
  },
  {
    "id": 11821,
    "level": 1,
    "lft": 48,
    "name": "ГК Здоровая ферма",
    "office": null,
    "order": 255,
    "parent": 11739,
    "region": null,
    "rght": 49,
    "tree_id": 7
  },
  {
    "id": 11822,
    "level": 1,
    "lft": 50,
    "name": "ГК Компаньон",
    "office": null,
    "order": 256,
    "parent": 11739,
    "region": null,
    "rght": 51,
    "tree_id": 7
  },
  {
    "id": 11823,
    "level": 1,
    "lft": 100,
    "name": "Завод Медсинтез",
    "office": null,
    "order": 257,
    "parent": 11739,
    "region": null,
    "rght": 101,
    "tree_id": 7
  },
  {
    "id": 11824,
    "level": 1,
    "lft": 188,
    "name": "Урало-Сибирская горно-металлургическая компания",
    "office": null,
    "order": 258,
    "parent": 11739,
    "region": null,
    "rght": 189,
    "tree_id": 7
  },
  {
    "id": 11825,
    "level": 1,
    "lft": 52,
    "name": "ГК КСМ",
    "office": null,
    "order": 259,
    "parent": 11739,
    "region": null,
    "rght": 53,
    "tree_id": 7
  },
  {
    "id": 11826,
    "level": 1,
    "lft": 178,
    "name": "СЛАВМО",
    "office": null,
    "order": 260,
    "parent": 11739,
    "region": null,
    "rght": 179,
    "tree_id": 7
  },
  {
    "id": 11827,
    "level": 1,
    "lft": 128,
    "name": "ООО Фирма “Калория”",
    "office": null,
    "order": 261,
    "parent": 11739,
    "region": null,
    "rght": 129,
    "tree_id": 7
  },
  {
    "id": 11828,
    "level": 1,
    "lft": 220,
    "name": "Холдинг “Красный Восток Агро”",
    "office": null,
    "order": 262,
    "parent": 11739,
    "region": null,
    "rght": 221,
    "tree_id": 7
  },
  {
    "id": 11829,
    "level": 1,
    "lft": 84,
    "name": "ГК Юг Руси",
    "office": null,
    "order": 263,
    "parent": 11739,
    "region": null,
    "rght": 85,
    "tree_id": 7
  },
  {
    "id": 11830,
    "level": 1,
    "lft": 152,
    "name": "ПАО “Мурманский Траловый Флот”",
    "office": null,
    "order": 264,
    "parent": 11739,
    "region": null,
    "rght": 153,
    "tree_id": 7
  },
  {
    "id": 11831,
    "level": 1,
    "lft": 192,
    "name": "Уралхим",
    "office": null,
    "order": 265,
    "parent": 11739,
    "region": null,
    "rght": 193,
    "tree_id": 7
  },
  {
    "id": 11832,
    "level": 1,
    "lft": 156,
    "name": "ПАО “Тулачермет”",
    "office": null,
    "order": 266,
    "parent": 11739,
    "region": null,
    "rght": 157,
    "tree_id": 7
  },
  {
    "id": 11833,
    "level": 1,
    "lft": 40,
    "name": "ГК Адамант",
    "office": null,
    "order": 267,
    "parent": 11739,
    "region": null,
    "rght": 41,
    "tree_id": 7
  },
  {
    "id": 11834,
    "level": 1,
    "lft": 186,
    "name": "УГМК",
    "office": null,
    "order": 268,
    "parent": 11739,
    "region": null,
    "rght": 187,
    "tree_id": 7
  },
  {
    "id": 11835,
    "level": 1,
    "lft": 46,
    "name": "ГК Донстрой",
    "office": null,
    "order": 269,
    "parent": 11739,
    "region": null,
    "rght": 47,
    "tree_id": 7
  },
  {
    "id": 11836,
    "level": 1,
    "lft": 30,
    "name": "АО “ОРКК”",
    "office": null,
    "order": 270,
    "parent": 11739,
    "region": null,
    "rght": 31,
    "tree_id": 7
  },
  {
    "id": 11837,
    "level": 1,
    "lft": 206,
    "name": "холдинг Rubex Group",
    "office": null,
    "order": 271,
    "parent": 11739,
    "region": null,
    "rght": 207,
    "tree_id": 7
  },
  {
    "id": 11838,
    "level": 1,
    "lft": 104,
    "name": "ЗАО УК Русский уголь",
    "office": null,
    "order": 272,
    "parent": 11739,
    "region": null,
    "rght": 105,
    "tree_id": 7
  },
  {
    "id": 11839,
    "level": 1,
    "lft": 162,
    "name": "Полипласт Новомосковск",
    "office": null,
    "order": 273,
    "parent": 11739,
    "region": null,
    "rght": 163,
    "tree_id": 7
  },
  {
    "id": 11840,
    "level": 1,
    "lft": 222,
    "name": "Холдинг “Лидер групп”",
    "office": null,
    "order": 274,
    "parent": 11739,
    "region": null,
    "rght": 223,
    "tree_id": 7
  },
  {
    "id": 11841,
    "level": 1,
    "lft": 208,
    "name": "Холдинг Агросила",
    "office": null,
    "order": 275,
    "parent": 11739,
    "region": null,
    "rght": 209,
    "tree_id": 7
  },
  {
    "id": 11842,
    "level": 1,
    "lft": 34,
    "name": "Банк Югра",
    "office": null,
    "order": 276,
    "parent": 11739,
    "region": null,
    "rght": 35,
    "tree_id": 7
  },
  {
    "id": 11843,
    "level": 1,
    "lft": 78,
    "name": "ГК Фонд содействия реформированию ЖКХ",
    "office": null,
    "order": 277,
    "parent": 11739,
    "region": null,
    "rght": 79,
    "tree_id": 7
  },
  {
    "id": 11844,
    "level": 1,
    "lft": 160,
    "name": "Пермский домостроительный комбинат",
    "office": null,
    "order": 278,
    "parent": 11739,
    "region": null,
    "rght": 161,
    "tree_id": 7
  },
  {
    "id": 11845,
    "level": 1,
    "lft": 10,
    "name": "Агрохолдинг Звениговский",
    "office": null,
    "order": 279,
    "parent": 11739,
    "region": null,
    "rght": 11,
    "tree_id": 7
  },
  {
    "id": 11846,
    "level": 1,
    "lft": 72,
    "name": "ГК ТАУ",
    "office": null,
    "order": 280,
    "parent": 11739,
    "region": null,
    "rght": 73,
    "tree_id": 7
  },
  {
    "id": 11847,
    "level": 1,
    "lft": 24,
    "name": "АО СОЛИКАМСКБУМПРОМ",
    "office": null,
    "order": 281,
    "parent": 11739,
    "region": null,
    "rght": 25,
    "tree_id": 7
  },
  {
    "id": 11848,
    "level": 1,
    "lft": 194,
    "name": "ФосАгро",
    "office": null,
    "order": 282,
    "parent": 11739,
    "region": null,
    "rght": 195,
    "tree_id": 7
  },
  {
    "id": 11849,
    "level": 1,
    "lft": 120,
    "name": "ОАО Ядринмолоко",
    "office": null,
    "order": 283,
    "parent": 11739,
    "region": null,
    "rght": 121,
    "tree_id": 7
  },
  {
    "id": 11850,
    "level": 1,
    "lft": 36,
    "name": "Башнефть",
    "office": null,
    "order": 284,
    "parent": 11739,
    "region": null,
    "rght": 37,
    "tree_id": 7
  },
  {
    "id": 11851,
    "level": 0,
    "lft": 1,
    "name": "Не выявлено",
    "office": null,
    "order": 285,
    "parent": null,
    "region": null,
    "rght": 2,
    "tree_id": 2
  }
]